num_eventos,dia_semana,fecha,primera_palabra_fecha,ultima_palabra_fecha,hora,anio,mes_y_ano,descripcion
1 evento,miércoles,28 de abril,28,abril,08:00,2021,Mayo de 2021,Presidente Francisco Sagasti lidera Sesión del Consejo de Ministros
1 evento,jueves,29 de abril,29,abril,07:00,2021,Mayo de 2021,"El presidente Francisco Sagasti visita la región Cusco paraentregar 17,550 dosis de vacunas de Pfizer para inmunizar a adultos mayores. Además, supervisa vacunación en el colegio de Señoritas Educandas y realiza la suscripción de acuerdos de conservación entre el SERNANP (Parque Nacional del Manu), Amarumayu Sac y Asociación de Agroexportadores Ukumari Paucartambo."
3 eventos,viernes,30 de abril,30,abril,11:00,2021,Mayo de 2021,Presidente Francisco Sagasti participa en la Conmemoración del X Aniversario de la Alianza del Pacífico con diversos representantes de la región.
3 eventos,viernes,30 de abril,30,abril,16:00,2021,Mayo de 2021,Presidente Francisco Sagasti lidera ceremonia de Aniversario de Incorporación de la mujer a la Policía Nacional del Perú.
3 eventos,viernes,30 de abril,30,abril,16:30,2021,Mayo de 2021,"Presidente Francisco Sagasti encabeza ceremonia de entrega de la Orden del Trabajo del Ministerio de Trabajo y Promoción del Empleo, a 11 destacados ciudadanos. ."
1 evento,domingo,2 de mayo,2,mayo,20:00,2021,Mayo de 2021,Presidente Francisco Sagasti brinda entrevista presencial a programa dominical Punto Final en Latina.
2 eventos,lunes,3 de mayo,3,mayo,11:00,2021,Mayo de 2021,"El presidente Francisco Sagasti, junto con la titular del Midis, Silvana Vargas, supervisó la entrega de alimentos de Qali Warma para la atención de personas vulnerables del distrito de Ventanilla."
2 eventos,lunes,3 de mayo,3,mayo,12:00,2021,Mayo de 2021,"El jefe de Estado, Francisco Sagasti, acompañado por el titular del MTC, supervisa el inicio del proyecto de banda ancha en la región Lima (Antioquía)."
2 eventos,martes,4 de mayo,4,mayo,07:00,2021,Mayo de 2021,"Presidente Francisco Sagasti visita la región Ancash llevando más dosis de vacunas para adultos mayores. Además, supervisará el protocolo de cadena de frío para vacunas, entrega equipamiento médico UCI a la Diresa Áncash. Y finalmente, acompañado por el ministro de Salud y el gobernador regional encargado de Áncash, supervisa el proceso de vacunación a los adultos mayores en el colegio Nuestra Señora del Sagrado Corazón de Jesús."
2 eventos,martes,4 de mayo,4,mayo,17:00,2021,Mayo de 2021,"El presidente Francisco Sagasti sostuvo una nueva reunión de trabajo con la Comisión Especial COVID-19 del Congreso, donde se presentaron los avances de las acciones conjuntas en atención a las demandas del Legislativo durante el estado de emergencia."
1 evento,jueves,6 de mayo,6,mayo,08:00,2021,Mayo de 2021,"El presidente Francisco Sagasti visita la región Junín, y junto con el titular del Mininter, José Elice, supervisa la donación de explosivos por parte de la Sucamec a la Dirandro PNP. Además, acompañado por seis ministros de Estado, lidera el diálogo entre el Ejecutivo y organizaciones indígenas de la selva central."
2 eventos,viernes,7 de mayo,7,mayo,08:30,2021,Mayo de 2021,Presidente Francisco Sagasti lidera IV SESIÓN DEL CONSEJO PARA LA REFORMA DEL SISTEMA DE JUSTICIA en la que participan diversas autoridades.
2 eventos,viernes,7 de mayo,7,mayo,11:30,2021,Mayo de 2021,"El presidente Francisco Sagasti visita el Laboratorio de Biomedicina del Instituto Nacional de Salud, acompañado por el Ministro de Salud, Óscar Ugarte Ubilluz y elJefe del Instituto Nacional de Salud, Víctor Suarez Moreno."
1 evento,lunes,10 de mayo,10,mayo,07:30,2021,Mayo de 2021,"El presidente Francisco Sagasti, junto con la titular del Mindef, Nuria Esparch, visitó el Comando Especial - Valle de los Ríos Apurímac, Ene y Mantaro (CE-VRAEM) y supervisó el proceso de vacunación contra la COVID-19."
1 evento,martes,11 de mayo,11,mayo,12:00,2021,Mayo de 2021,"El presidente Francisco Sagasti, junto con el titular del Minsa, Óscar Ugarte, supervisa la vacunación contra la COVID-19 a los adultos con síndrome de Down."
1 evento,miércoles,12 de mayo,12,mayo,09:00,2021,Mayo de 2021,Presidente Francisco Sagasti lidera sesión del Consejo de Ministros
2 eventos,jueves,13 de mayo,13,mayo,09:00,2021,Mayo de 2021,"El presidente Francisco Sagasti, junto con el titular del Minam, Gonzalo Quijandria, lideró la puesta en funcionamiento del sistema integral de gestión de residuos para la ciudad de Huaura, en la región Lima."
2 eventos,jueves,13 de mayo,13,mayo,18:00,2021,Mayo de 2021,"Señor Presidente de la República, Francisco Sagasti, brinda discurso de clausura del CADE Digital 2021."
2 eventos,viernes,14 de mayo,14,mayo,07:00,2021,Mayo de 2021,"El Presidente Francisco Sagasti visita la región Amazonas para cumplir las siguientes actividades: Entrega del Sello Safe Travels al destino turístico de la zona arqueológica monumental de Kuélap; Supervisión de las actividades de limpieza, mantenimiento y acondicionamiento del Monumento Histórico Pozo de Yanayacu de la ciudad de Chachapoyas; Supervisión de la jornada de vacunación de adultos mayores y entrega de equipamiento médico en la región Amazonas; y Reunión de trabajo con el Gobernador Regional de Amazonas."
2 eventos,viernes,14 de mayo,14,mayo,18:00,2021,Mayo de 2021,El presidente Francisco Sagasti lidera Sesión Solemne del Acuerdo Nacional en Homenaje a Rafael Roncagliolo Orbegoso.
1 evento,lunes,17 de mayo,17,mayo,08:00,2021,Mayo de 2021,"El presidente Francisco Sagasti lideró una nueva sesión del Consejo de Estado donde se abordaron diversos temas, entre ellos, las acciones y disposiciones del gobierno frente a la pandemia."
1 evento,miércoles,19 de mayo,19,mayo,09:00,2021,Mayo de 2021,Presidente Francisco Sagasti lidera sesión del Consejo de Ministros
1 evento,viernes,21 de mayo,21,mayo,13:00,2021,Mayo de 2021,"Presidente Francisco Sagasti brinda informe de gestión de los 6 meses de gobierno, en televisión nacional."
1 evento,sábado,22 de mayo,22,mayo,09:00,2021,Mayo de 2021,Presidente Francisco Sagasti brinda entrevista al programa Enfoque de los Sábados en RPP.
1 evento,martes,25 de mayo,25,mayo,08:00,2021,Mayo de 2021,"Presidente Francisco Sagasti visita región La Libertad para entregar 101,790 dosis de vacunas para la inmunización de adultos mayores de La Libertad y 1 planta de oxígeno móvil de 20 m3/h para el Hospital Regional de Trujillo. Además, supervisa Nuevo Hospital Cesar Vallejo de Santiago de Chuco y se reúne con Gobernador Regional de La Libertad y autoridades locales."
2 eventos,miércoles,26 de mayo,26,mayo,09:00,2021,Mayo de 2021,Presidente Francisco Sagasti lidera sesión del Consejo de Ministros
2 eventos,miércoles,26 de mayo,26,mayo,11:00,2021,Mayo de 2021,El presidente Francisco Sagasti participará de la sesión solemne por el 90º Aniversario de creación del Jurado Nacional de Elecciones (vía virtual en Sala Grau).
1 evento,jueves,27 de mayo,27,mayo,08:00,2021,Mayo de 2021,"El presidente Francisco Sagasti viajó a la región Pasco para supervisar la situación en el Valle de los ríos Apurímac, Ene y Mantaro (ce-VRAEM) en base Mazamari. Además, supervisó actividades de intervención inmediata de Trabaja Perú en el distrito de Pozuzo: limpieza, mantenimiento y acondicionamiento del corredor turístico la ruta del colono en Prusia, la colonia y Bajo Chancarizo. Sostuvo también  de trabajo con el gobernador regional de Pasco y autoridades locales y finalmente, participó en la suscripción del contrato de asistencia técnica para la construcción de la autopista Daniel Alcides Carrión. Lo acompañan ministro de Trabajo y titular de Transportes y Comunicaciones."
2 eventos,viernes,28 de mayo,28,mayo,08:00,2021,Mayo de 2021,Presidente Francisco Sagasti lidera Consejo para la Reforma del Sistema de Justicia acompañado de diversas autoridades.
2 eventos,viernes,28 de mayo,28,mayo,09:00,2021,Mayo de 2021,Presidente Francisco Sagasti lidera Consejo de Estado.
1 evento,lunes,31 de mayo,31,mayo,08:00,2021,Mayo de 2021,"El presidente Francisco Sagasti participó de manera virtual en la sesión Diálogo de Líderes del P4G Summit y en la ceremonia de clausura de la Adopción de la Declaración de Seúl, como parte de la Cumbre P4G de Seúl."
1 evento,martes,1 de junio,1,junio,08:00,2021,Mayo de 2021,"El presidente Francisco Sagasti cumple agenda de trabajo en la región Puno donde entrega 103,330 dosis de vacunas de AstraZeneca para la inmunización de adultos mayores de la región. Además, supervisa el proyecto de mejoramiento de Viviendas Rurales, y sostiene una reunión con el Gobernador regional y autoridades locales. Finalmente, hace entrega de títulos de propiedad de Cofopri a beneficiarios de Puno."
2 eventos,miércoles,2 de junio,2,junio,09:00,2021,Mayo de 2021,Presidente Francisco Sagasti lidera sesión del Consejo de Ministros
2 eventos,miércoles,2 de junio,2,junio,10:00,2021,Mayo de 2021,Presidente Francisco Sagasti interviene en la Sesión Extraordinaria de la Asamblea General de la ONU sobre corrupción. Con el lema UNCAC: UnitedAgainstCorruption
1 evento,jueves,3 de junio,3,junio,16:00,2021,Mayo de 2021,"El presidente Francisco Sagasti recibió a la Misión de Observación Electoral de la OEA para ratificar el apoyo del Gobierno a sus integrantes por contribuir con el fortalecimiento de la democracia y transparencia de las elecciones de segunda vuelta. Participaron el jefe y subjefe de la Misión de Observación Electoral de la OEA, Rubén Ramírez y Gerardo Sánchez; el director del Departamento para la Cooperación y Observación Electoral de la OEA, Gerardo de Icaza; y el representante de la OEA en Perú, Miguel Trinidad."
1 evento,lunes,29 de marzo,29,marzo,11:30,2021,Abril de 2021,Presidente Francisco Sagasti promulga norma que modifica la Ley de Trata de Personas y considera delitos de trata de personas y de explotación como delitos contra la dignidad humana.
1 evento,martes,30 de marzo,30,marzo,08:00,2021,Abril de 2021,"Presidente Francisco Sagasti visita la región Arequipa para entregar equipamiento médico al Hospital Honorio Delgado y una Planta de oxígeno en Islay. Además, supervisa la entrega de un proyecto en servicios de saneamiento en el distrito de Sabandía."
2 eventos,miércoles,31 de marzo,31,marzo,08:00,2021,Abril de 2021,Presidente Francisco Sagasti lidera sesión del Consejo de Ministros
2 eventos,miércoles,31 de marzo,31,marzo,15:00,2021,Abril de 2021,"El presidente Francisco Sagasti lidera sesión de instalación de la Comisión Multisectorial de Ciencia, Tecnología e Innovación."
1 evento,sábado,3 de abril,3,abril,09:00,2021,Abril de 2021,"El presidente Francisco Sagasti, junto con los titulares del Minsa y Mininter, supervisa el inicio del proceso de vacunación contra la COVID-19 a los integrantes del Cuerpo General de Bomberos Voluntarios del Perú."
1 evento,martes,6 de abril,6,abril,08:00,2021,Abril de 2021,"El presidente Francisco Sagasti, junto con el titular del Minsa, Óscar Ugarte, lideró la entrega de camas UCI y equipamiento médico para los hospitales de la región Ica.."
1 evento,miércoles,7 de abril,7,abril,18:00,2021,Abril de 2021,"El presidente Francisco Sagasti, junto con los titulares de la PCM y Minsa, lideró la llegada de un lote de 200 mil dosis de vacuna del laboratorio Pfizer contra la COVID-19 ."
1 evento,jueves,8 de abril,8,abril,12:00,2021,Abril de 2021,"El presidente Francisco Sagasti, junto con el ministro de Salud, Oscar Ugarte, supervisa el renovado centro quirúrgico del Hospital Dos de Mayo y lidera la entrega de 90 camas UCI para hospitales del Minsa."
1 evento,viernes,9 de abril,9,abril,20:00,2021,Abril de 2021,El presidente Francisco Sagasti brinda un mensaje a la Nación.
1 evento,domingo,11 de abril,11,abril,08:00,2021,Abril de 2021,"El jefe de Estado, Francisco Sagasti, ejerció su derecho a voto en las Elecciones Generales 2021."
2 eventos,miércoles,14 de abril,14,abril,08:00,2021,Abril de 2021,"El presidente Francisco Sagasti, junto con el titular del Minsa, Oscar Ugarte, presenta el nuevo Plan de Vacunación contra la COVID-19 y la plataforma digital Pongo El Hombro."
2 eventos,miércoles,14 de abril,14,abril,09:00,2021,Abril de 2021,Presidente Francisco Sagasti lidera sesión del Consejo de Ministros.
3 eventos,viernes,16 de abril,16,abril,09:00,2021,Abril de 2021,"El jefe de Estado, Francisco Sagasti, acompañado del titular del Minsa, Óscar Ugarte y el director ejecutivo del proyecto Legado, Alberto Valenzuela, supervisó el desarrollo de la vacunación de adultos mayores de 80 años en el Complejo Deportivo Andrés Avelino Cáceres."
3 eventos,viernes,16 de abril,16,abril,11:00,2021,Abril de 2021,"El presidente Francisco Sagasti, junto con el titular del Minam, Gonzalo Quijandría, lideró la ceremonia de reconocimiento a los ganadores y menciones honrosas del Premio Nacional Ambiental 2020."
3 eventos,viernes,16 de abril,16,abril,12:00,2021,Abril de 2021,"El jefe de Estado, Francisco Sagasti, junto con el presidente del Concytec, Benjamín Marticorena, participó en la instalación de la Comisión Consultiva de Ciencia, Tecnología e Innovación, encargada de identificar iniciativas para el desarrollo científico, tecnológico e innovador."
1 evento,domingo,18 de abril,18,abril,10:40,2021,Abril de 2021,"El presidente Francisco Sagasti, acompañado de los titulares de la PCM, Minsa, el representante de ONU y los embajadores de Reinon Unido y la Unión Europea, lideró la llegada de un lote de 276 000 dosis de la vacuna AstraZeneca contra la COVID-19, bajo el mecanismo Covax Facility."
2 eventos,lunes,19 de abril,19,abril,08:00,2021,Abril de 2021,"El presidente de la República, Francisco Sagasti, lidera una nueva sesión del Consejo de Estado, donde se abordan diversos temas de interés nacional."
2 eventos,lunes,19 de abril,19,abril,16:00,2021,Abril de 2021,"El presidente Francisco Sagasti, junto con el titular del Minedu, Ricardo Cuenca, reconoció a la delegación peruana que participó en la Olimpiada Europea de Matemática para Mujeres y obtuvo el tercer lugar. Además, felicitó a las alumnas por su entrega, dedicación y trabajo en equipo."
1 evento,martes,20 de abril,20,abril,07:00,2021,Abril de 2021,"El presidente Francisco Sagasti, junto con el titular del Minsa, Óscar Ugarte, y el ministro de Educación, Ricardo Cuenca, visitó la región Ucayali para entregar 21 990 dosis de vacunas de AstraZeneca para la inmunización de adultos mayores, participar en la ceremonia de zarpe de la PIAS Ucayali y del BAP Curaray, en el puerto El Reloj, Ucayali. Además, supervisar la presentación de la plataforma Aprendo En Casa en el tambo Colonia del Caco, Iparia."
3 eventos,miércoles,21 de abril,21,abril,08:00,2021,Abril de 2021,Presidente Francisco Sagasti lidera sesión del Consejo de Ministros
3 eventos,miércoles,21 de abril,21,abril,11:00,2021,Abril de 2021,"El presidente Francisco Sagasti participa de manera virtual en la XXVII Cumbre Iberoamericana de jefes de Estado y de Gobierno, que se realiza en Andorra."
3 eventos,miércoles,21 de abril,21,abril,16:00,2021,Abril de 2021,El presidente Francisco Sagasti se reúne con los integrantes de la Comisión Especial de Seguimiento a Emergencias y Gestión de Riesgos de Desastres COVID-19 del Congreso. La cita tiene como objetivo potenciar las estrategias de lucha contra la pandemia del coronavirus en el país.
2 eventos,jueves,22 de abril,22,abril,08:00,2021,Abril de 2021,Presidente Francisco Sagasti viaja a las regiones de Ayacucho y Huancavelica para entregar 44 350 dosis y 26 620 de vacunas de AstraZeneca respectivamente.
2 eventos,jueves,22 de abril,22,abril,15:00,2021,Abril de 2021,"El Presidente de la República, Francisco Sagasti, junto a la ministra de Defensa, Nuria Esparch; el ministro del Interior, José Elice; y el jefe del Comando Conjunto de las Fuerzas Armadas y comando Chavín de Huántar, general de Ejército César Astudillo Salcedo, rinde homenaje a los comandos Chavín de Huántar, en la celebración del 24 aniversario de la operación de rescate de 72 rehenes de manos del grupo terrorista MRTA, en 22 de abril de 1997. El acto se realizó en las instalaciones de la Primera Brigada de Fuerzas Especiales en Chorrillos., además de los comandos Chavín de Huántar."
1 evento,viernes,23 de abril,23,abril,08:00,2021,Abril de 2021,"El presidente Francisco Sagasti visita las regiones de Piura y Tumbes, acompañado de Minsa y MINCETUR llevando dosis de vacunas para inmunizar a los adultos mayores."
1 evento,miércoles,28 de abril,28,abril,08:00,2021,Abril de 2021,Presidente Francisco Sagasti lidera Sesión del Consejo de Ministros
1 evento,jueves,29 de abril,29,abril,07:00,2021,Abril de 2021,"El presidente Francisco Sagasti visita la región Cusco paraentregar 17,550 dosis de vacunas de Pfizer para inmunizar a adultos mayores. Además, supervisa vacunación en el colegio de Señoritas Educandas y realiza la suscripción de acuerdos de conservación entre el SERNANP (Parque Nacional del Manu), Amarumayu Sac y Asociación de Agroexportadores Ukumari Paucartambo."
3 eventos,viernes,30 de abril,30,abril,11:00,2021,Abril de 2021,Presidente Francisco Sagasti participa en la Conmemoración del X Aniversario de la Alianza del Pacífico con diversos representantes de la región.
3 eventos,viernes,30 de abril,30,abril,16:00,2021,Abril de 2021,Presidente Francisco Sagasti lidera ceremonia de Aniversario de Incorporación de la mujer a la Policía Nacional del Perú.
3 eventos,viernes,30 de abril,30,abril,16:30,2021,Abril de 2021,"Presidente Francisco Sagasti encabeza ceremonia de entrega de la Orden del Trabajo del Ministerio de Trabajo y Promoción del Empleo, a 11 destacados ciudadanos. ."
