num_eventos;dia_semana;fecha;ultima_palabra_fecha;hora;descripción;anio;mes_ano,ano;;
1 evento; domingo; 28 de abril;abril;N.A.;No hubo actividades oficiales que registrar.;2024;Mayo de 2024; 2;28
2 eventos; lunes; 29 de abril;abril;16:00;Entrega de carnets de Conadis. Lugar: Palacio de Gobierno.;2024;Mayo de 2024; 2;29
2 eventos; lunes; 29 de abril;abril;18:30;Ceremonia por el 75.° aniversario del Ministerio de Trabajo y Promoción del Empleo. Lugar: San Borja..;2024;Mayo de 2024; 2;29
2 eventos; martes; 30 de abril;abril;10:15;Sesión del Consejo de Ministros. Lugar: Palacio de Gobierno.;2024;Mayo de 2024; 3;30
2 eventos; martes; 30 de abril;abril;13:00;Ceremonia de suscripción del contrato de Estado a Estado para el servicio de asistencia técnica del Proyecto Chavimochic Tercera Etapa. Lugar: Palacio de Gobierno.;2024;Mayo de 2024; 3;30
1 evento; lunes; 1 de julio;julio;N.A.;No hubo actividades oficiales qué registrar;2024;Junio de 2024; 1;1d
1 evento; martes; 2 de julio;julio;N.A.;No hubo oficiales oficiales qué registrar;2024;Junio de 2024; 2;2d
3 eventos; miércoles; 3 de julio;julio;09:00;Sesión del Consejo de Ministros. Lugar: Palacio de Gobierno;2024;Junio de 2024;;
3 eventos; miércoles; 3 de julio;julio;12:00;Suscripción de contratos de concesión de hospitales EsSalud en Piura y Chimbote. Lugar: Palacio de Gobierno.;2024;Junio de 2024;;
3 eventos; miércoles; 3 de julio;julio;18:00;Firma de acuerdo comercial entre Senam Perú SAC y Korea Aerospace Industries (KAI). Lugar: Complejo Deportivo FAP. Surco;2024;Junio de 2024;;
4 eventos; jueves; 4 de julio;julio;10:00;Recibimiento a presidente de Ecuador, Daniel Noboa Azín. Lugar: Palacio de Gobierno;2024;Junio de 2024;;
4 eventos; jueves; 4 de julio;julio;10:15;Encuentro Presidencial y XV Gabinete Binacional de Ministros Perú-Ecuador;2024;Junio de 2024;;
4 eventos; jueves; 4 de julio;julio;13:45;Suscripción de la Declaración presidencial de Lima. Lugar: Palacio de Gobierno;2024;Junio de 2024;;
4 eventos; jueves; 4 de julio;julio;18:00;Promulgación de la ley que crea la Universidad Nacional Fronteriza Autónoma de Yunguyo en Puno. Lugar: Palacio de Gobierno.;2024;Junio de 2024;;
1 evento; viernes; 5 de julio;julio;10:00;41.° Aniversario de la Dirección contra el Terrorismo de la Policía Nacional del Perú. Lugar: Club AOPIP - Santiago de Surco.;2024;Junio de 2024;;
1 evento; sábado; 6 de julio;julio;07:00;Mensaje por el Día del Maestro. Lugar: Palacio de Gobierno;2024;Junio de 2024;;
1 evento; sábado; 1 de junio;junio;N.A.;No hubo actividades oficiales que registrar.;2024;Junio de 2024;;
1 evento; domingo; 2 de junio;junio;N.A.;No hubo actividades oficiales que registrar.;2024;Junio de 2024;;
1 evento; lunes; 3 de junio;junio;N.A.;No hubo actividades oficiales que registrar;2024;Junio de 2024;;
2 eventos; martes; 4 de junio;junio;09:00;Inauguración de la I.E. 1235 Unión Latinoamericana. Lugar: La Molina;2024;Junio de 2024;;
2 eventos; martes; 4 de junio;junio;12:00;Audiencia al presidente y miembros del Parlamento Amazónico - PARLAMAZ. Lugar: Palacio de Gobierno;2024;Junio de 2024;;
5 eventos; miércoles; 5 de junio;junio;09:00;Consejo de Ministros. Lugar: Palacio de Gobierno;2024;Junio de 2024;;
5 eventos; miércoles; 5 de junio;junio;12:00;Inauguración de la Escuela Bicentenario I.E. 6094 Santa Rosa. Lugar: Chorrillos;2024;Junio de 2024;;
5 eventos; miércoles; 5 de junio;junio;17:00;Reunión con representantes de ADEX. Lugar: Palacio de Gobierno;2024;Junio de 2024;;
5 eventos; miércoles; 5 de junio;junio;18:00;Ceremonia de firma de leyes para impulsar el desarrollo y competitividad del sector portuario. Lugar: Palacio de Gobierno;2024;Junio de 2024;;
5 eventos; miércoles; 5 de junio;junio;19:00;Comunidades Nativas del Parque Nacional del Manu. Lugar: Palacio de Gobierno;2024;Junio de 2024;;
1 evento; jueves; 6 de junio;junio;N.A.;No hubo actividades oficiales que registrar;2024;Junio de 2024;;
1 evento; viernes; 7 de junio;junio;10:00;Ceremonia por el 144° aniversario de la Batalla de Arica y renovación del juramento de fidelidad a la Bandera. Lugar: Cercado de Lima;2024;Junio de 2024;;
1 evento; sábado; 8 de junio;junio;N.A.;No hubo actividades oficiales que registrar;2024;Junio de 2024;;
1 evento; domingo; 9 de junio;junio;N.A.;No hubo actividades oficiales que registrar;2024;Junio de 2024;;
3 eventos; lunes; 10 de junio;junio;09:00;Inauguración del nuevo Centro de Servicios al Contribuyente de Sunat. Lugar: Ate;2024;Junio de 2024;;
3 eventos; lunes; 10 de junio;junio;11:00;Inauguración de la séptima Escuela Bicentenario, I.E. 0083 San Juan Macías. Lugar: San Luis;2024;Junio de 2024;;
3 eventos; lunes; 10 de junio;junio;19:00;Reunión con autoridades de Chota y congresista Segundo Quiroz;2024;Junio de 2024;;
1 evento; martes; 11 de junio;junio;12:00;Reunión de trabajo con congresistas en temas de educación y producción. Lugar: Palacio de Gobierno;2024;Junio de 2024;;
2 eventos; miércoles; 12 de junio;junio;09:00;Inauguración de la Escuela Bicentenario I.E. 1221 María Parado de Bellido. Lugar: Santa Anita;2024;Junio de 2024;;
2 eventos; miércoles; 12 de junio;junio;12:00;Consejo de Ministros. Lugar: Palacio de Gobierno;2024;Junio de 2024;;
3 eventos; jueves; 13 de junio;junio;10:00;Sesión ordinaria del Consejo de Seguridad y Defensa Nacional - COSEDENA. Lugar: Palacio de Gobierno;2024;Junio de 2024;;
3 eventos; jueves; 13 de junio;junio;16:00;Reunión de trabajo con autoridades de la región Apurímac. Lugar: Palacio de Gobierno;2024;Junio de 2024;;
3 eventos; jueves; 13 de junio;junio;19:00;128° Aniversario de la Sociedad Nacional de Industrias - SNI. Lugar: San Isidro;2024;Junio de 2024;;
1 evento; viernes; 14 de junio;junio;12:00;Inspección a los avances de obra del Terminal Portuario de Chancay. Lugar: Huaral.;2024;Junio de 2024;;
1 evento; sábado; 15 de junio;junio;N.A.;No hubo actividades oficiales que registrar;2024;Junio de 2024;;
1 evento; domingo; 16 de junio;junio;N.A.;No hubo actividades oficiales que registrar;2024;Junio de 2024;;
1 evento; lunes; 17 de junio;junio;11:00;Reunión con GORE y alcaldes de la región Cusco. Lugar: Palacio de Gobierno;2024;Junio de 2024;;
1 evento; martes; 18 de junio;junio;15:00;II sesión ordinaria 2024 del Consejo Nacional de Seguridad Ciudadana. Lugar: Palacio de Gobierno.;2024;Junio de 2024;;
2 eventos; miércoles; 19 de junio;junio;09:00;Consejo de Ministros. Lugar: Palacio de Gobierno;2024;Junio de 2024;;
2 eventos; miércoles; 19 de junio;junio;17:00;Reunión con el Presidente y CEO de DP World (DPW), Sultán Ahmed bin Sulayem. Lugar: Palacio de Gobierno;2024;Junio de 2024;;
3 eventos; jueves; 20 de junio;junio;04:45;"Operativo ""Amanecer Seguro"" a nivel nacional. Lugar: Dirección de Aviación Policial";2024;Junio de 2024;;
3 eventos; jueves; 20 de junio;junio;10:00;Inauguración del Muelle Bicentenario. Lugar: Callao;2024;Junio de 2024;;
3 eventos; jueves; 20 de junio;junio;12:30;Reunión con la Sociedad Nacional de Industrias. Lugar: Palacio de Gobierno.;2024;Junio de 2024;;
2 eventos; viernes; 21 de junio;junio;08:15;"Intervención multisectorial ""El Perú se abriga - Frío cero"". Lugar: Villa María del Triunfo";2024;Junio de 2024;;
2 eventos; viernes; 21 de junio;junio;12:30;"Ceremonia por el 59.° aniversario de ""Los Sinchis"". Lugar: Mazamari, Junín.";2024;Junio de 2024;;
1 evento; sábado; 22 de junio;junio;N.A.;No hubo actividades oficiales que registrar;2024;Junio de 2024;;
1 evento; domingo; 23 de junio;junio;19:00;Viaje para Visita de Estado a la República Popular de China. Lugar: Aeropuerto Internacional Jorge Chávez.;2024;Junio de 2024;;
3 eventos; lunes; 24 de junio;junio;06:30;Llegada a Paris, Francia. (1:30 p. m. horas, Francia);2024;Junio de 2024;;
3 eventos; lunes; 24 de junio;junio;13:45;Reunión de trabajo virtual con el presidente del Consejo de Ministros, ministro de Relaciones Exteriores y secretario general del Despacho Presidencial (20:45 horas, Francia);2024;Junio de 2024;;
3 eventos; lunes; 24 de junio;junio;16:30;Salida de París a Hong Kong (11:30 p. m. horas, Francia);2024;Junio de 2024;;
5 eventos; martes; 25 de junio;junio;04:30;Llegada a Hong Kong (05:30 p. m. horas, China);2024;Junio de 2024;;
5 eventos; martes; 25 de junio;junio;06:30;Salida de Hong Kong a Shenzhen en tren bala. (7:26 p. m. horas, China);2024;Junio de 2024;;
5 eventos; martes; 25 de junio;junio;06:45;Llegada a Shenzhen, China (7:40 p. m. horas, China);2024;Junio de 2024;;
5 eventos; martes; 25 de junio;junio;10:45;Reunión de trabajo virtual con el presidente del Consejo de Ministros y los ministros que la acompañan en la Visita de Estado. (11:45 p.m. horas, China);2024;Junio de 2024;;
5 eventos; martes; 25 de junio;junio;20:30;"Inauguración de la exhibición ""Los Incas y su Tawantinsuyo"" en el Museo Nanshan, de Shenzhen. (09:30 a. m. del 26 de Junio, horas, China)";2024;Junio de 2024;;
10 eventos; miércoles; 26 de junio;junio;00:30;Suscripción de convenio de cooperación con Huawei, en Shenzhen. (01:30 p. m. horas, China);2024;Junio de 2024;;
10 eventos; miércoles; 26 de junio;junio;01:20;"Reunión con el Presidente de la compañía ""Automotriz BYD"" . Lugar: Shenzhen (2:20 p.m. Horas, China)";2024;Junio de 2024;;
10 eventos; miércoles; 26 de junio;junio;04:00;"Reunión con la empresa ""ELINC - China Electronic Corporation(CEC). Lugar: Shenzhen ( 5:00 p.m. Horas, China)";2024;Junio de 2024;;
10 eventos; miércoles; 26 de junio;junio;05:30;Saludo Protocolar con autoridades políticas de Shenzhen. (6:30 p.m. Horas, China);2024;Junio de 2024;;
10 eventos; miércoles; 26 de junio;junio;10:45;Llegada a Shanghái ( 11:45 a.m. horas, China);2024;Junio de 2024;;
10 eventos; miércoles; 26 de junio;junio;12:30;Sesión virtual de Consejo de Ministros . Lugar: Shanghái ( 1:30 a.m. Horas, China);2024;Junio de 2024;;
10 eventos; miércoles; 26 de junio;junio;20:00;"Conferencia Magisterial ""Oportunidades de Inversión en el Perú"". Lugar: Shanghái ( 9:00 a.m. del 27 de Junio, Horas, China)";2024;Junio de 2024;;
10 eventos; miércoles; 26 de junio;junio;21:30;"Reunión con el Presidente de ""China Southern Power Grid Limited (CSG)"" Lugar: Shanghái (10:15 a.m. del 27 de junio. Horas, China)";2024;Junio de 2024;;
10 eventos; miércoles; 26 de junio;junio;22:20;Reunión con el Director del Centro de Innovación de Medicina Digital de Shanghái. Lugar: Shanghái (11:20 a.m. del 27 de Junio, Horas, China);2024;Junio de 2024;;
10 eventos; miércoles; 26 de junio;junio;23:00;"Reunión con el Presidente de ""Cosco Shipping Corporation Limited"" Lugar: Shanghái (12:30 p,m. del 27 de junio, Horas, China)";2024;Junio de 2024;;
4 eventos; jueves; 27 de junio;junio;03:15;Visita al Pabellón de exposición del Parque Industrial de Suzhóu. Lugar: Suzhóu (4:15 p.m. Horas, China);2024;Junio de 2024;;
4 eventos; jueves; 27 de junio;junio;04:00;Visita a la empresa Higer en el Parque Industrial de Suzhóu. Lugar: Suzhóu (5:00 p.m. Horas, China);2024;Junio de 2024;;
4 eventos; jueves; 27 de junio;junio;05:20;Saludo Protocolar con el Secretario del Comité Provincial de Jiangsu del Partido Comunista Chino (PPCh) ( Horas, China);2024;Junio de 2024;;
4 eventos; jueves; 27 de junio;junio;10:00;Llegada a Pekín, República Popular China ( 11:00 p.m. Horas, China);2024;Junio de 2024;;
7 eventos; viernes; 28 de junio;junio;01:15;Reunión oficial con el Presidente del Comité de la Asamblea Popular Nacional. Lugar: Pekín ( 2:15 p. m. Horas, China);2024;Junio de 2024;;
7 eventos; viernes; 28 de junio;junio;02:15;Reunión oficial con el Primer Ministro de la República Popular China. Lugar: Pekín ( 3:15 p. m. Horas, China);2024;Junio de 2024;;
7 eventos; viernes; 28 de junio;junio;03:30;Ceremonia de Bienvenida Presidencial con el Presidente de la República Popular China. Lugar: Pekín ( 4:30 p. m. Horas, China);2024;Junio de 2024;;
7 eventos; viernes; 28 de junio;junio;03:45;Reunión oficial con el Presidente de la República Popular China. Lugar: Pekín ( 4:45 p. m. Horas, China);2024;Junio de 2024;;
7 eventos; viernes; 28 de junio;junio;04:30;Ceremonia de Firma de Convenios. Lugar: Pekín ( 5:30 p. m. Horas, China);2024;Junio de 2024;;
7 eventos; viernes; 28 de junio;junio;08:00;Reunión Virtual con el COEN para evaluación de daños ante el sismo en Arequipa. Lugar: Pekin ( 9:00 p.m. Horas China);2024;Junio de 2024;;
7 eventos; viernes; 28 de junio;junio;19:30;Reunión con representantes de China Minmetals Corporation. Lugar: Pekín. (08.30 a.m. del 29 de junio, Horas, China);2024;Junio de 2024;;
1 evento; sábado; 29 de junio;junio;10:00;Salida a la ciudad de Lima. Lugar: Pekín (11:00pm, horas, China);2024;Junio de 2024;;
1 evento; domingo; 30 de junio;junio;16:15;Llegada a Perú desde China;2024;Junio de 2024;;
1 evento; domingo; 26 de mayo;mayo;13:00;Ceremonia de reconocimiento al personal policial que participó en el rescate de empresaria peruana;2024;Junio de 2024;;
1 evento; lunes; 27 de mayo;mayo;N.A.;No hubo actividades oficiales que registrar.;2024;Junio de 2024;;
2 eventos; martes; 28 de mayo;mayo;15:00;"Lanzamiento de la feria ""Cosechando la Diversidad, Alimentando la Esperanza""";2024;Junio de 2024;;
2 eventos; martes; 28 de mayo;mayo;19:00;Reunión con autoridades de Cajamarca;2024;Junio de 2024;;
4 eventos; miércoles; 29 de mayo;mayo;09:00;Sesión de Consejo de Ministros;2024;Junio de 2024;;
4 eventos; miércoles; 29 de mayo;mayo;14:00;Ceremonia de firma de contrato entre el gobierno peruano, la Municipalidad Metropolitana de Lima y Panam Sports para la organización de Lima 2027;2024;Junio de 2024;;
4 eventos; miércoles; 29 de mayo;mayo;18:00;Reunión con la congresista Karol Paredes y los alcaldes de la red de municipalidades de la región San Martin – REMURSAM;2024;Junio de 2024;;
4 eventos; miércoles; 29 de mayo;mayo;20:00;Ceremonia de promulgación de ley que declara de interés la creación de la Universidad Nacional Fronteriza Autónoma de Yunguyo;2024;Junio de 2024;;
1 evento; jueves; 30 de mayo;mayo;11:30;Reunión con el presidente del Banco Central de Reserva, Julio Velarde;2024;Junio de 2024;;
1 evento; viernes; 31 de mayo;mayo;10:00;Supervisión del primer simulacro nacional multipeligro 2024;2024;Junio de 2024;;
2 eventos; miércoles; 1 de mayo;mayo;09:50;Ceremonia de condecoración de la Orden del Trabajo 2024. Lugar: Palacio de Gobierno.;2024;Mayo de 2024;;
2 eventos; miércoles; 1 de mayo;mayo;11:45;Saludo de la presidenta Dina Boluarte con motivo del Día Internacional del Trabajador. Lugar: Palacio de Gobierno.;2024;Mayo de 2024;;
1 evento; jueves; 2 de mayo;mayo;12:00;Homenaje por el Día de la Mujer Policía. Lugar: Ministerio del Interior, San Isidro.;2024;Mayo de 2024;;
2 eventos; viernes; 3 de mayo;mayo;12:30;Reunión con el gobernador regional de Lambayeque, congresistas de la región, y funcionarios del Ejecutivo. Lugar: Palacio de Gobierno.;2024;Mayo de 2024;;
2 eventos; viernes; 3 de mayo;mayo;13:30;Reunión con el gobernador Regional de Piura. Lugar: Palacio de Gobierno.;2024;Mayo de 2024;;
1 evento; sábado; 4 de mayo;mayo;N.A.;No hubo actividades oficiales que registrar.;2024;Mayo de 2024;;
1 evento; domingo; 5 de mayo;mayo;N.A.;No hubo actividades oficiales que registrar.;2024;Mayo de 2024;;
2 eventos; lunes; 6 de mayo;mayo;09:00;Audiencia con la directora general de la Organización Mundial del Comercio (OMC), Ngozi Okonjo-Iweala. Lugar: Palacio de Gobierno.;2024;Mayo de 2024;;
2 eventos; lunes; 6 de mayo;mayo;10:00;Encuentro con mujeres emprendedoras y la directora general de la Organización Mundial del Comercio (OMC), Ngozi Okonjo-Iweala. Lugar: Palacio de Gobierno.;2024;Mayo de 2024;;
4 eventos; martes; 7 de mayo;mayo;11:00;Reunión con gobernador regional de Arequipa, participó también el ministro de Energía y Minas y funcionarios del Ejecutivo. Lugar: Palacio de Gobierno.;2024;Mayo de 2024;;
4 eventos; martes; 7 de mayo;mayo;12:00;Reconocimiento a los medallistas de los Juegos Bolivarianos de la Juventud 2024. Lugar: Estadio Nacional.;2024;Mayo de 2024;;
4 eventos; martes; 7 de mayo;mayo;16:00;Llamada con el presidente electo de Panamá, José Raúl Mulino. Lugar: Palacio de Gobierno.;2024;Mayo de 2024;;
4 eventos; martes; 7 de mayo;mayo;17:00;Reunión con los alcaldes de la Mancomunidad Municipal del Callao. Lugar: Palacio de Gobierno.;2024;Mayo de 2024;;
3 eventos; miércoles; 8 de mayo;mayo;09:00;Sesión del Consejo de Ministros. Lugar: Palacio de Gobierno.;2024;Mayo de 2024;;
3 eventos; miércoles; 8 de mayo;mayo;11:00;Reunión con representantes de la Cámara Peruana del Libro. Lugar: Palacio de Gobierno.;2024;Mayo de 2024;;
3 eventos; miércoles; 8 de mayo;mayo;15:00;Ceremonia de presentación de cartas credenciales de embajadores residentes de Argentina y España. Lugar: Palacio de Gobierno.;2024;Mayo de 2024;;
1 evento; jueves; 9 de mayo;mayo;N.A.;No hubo actividades oficiales que registrar.;2024;Mayo de 2024;;
2 eventos; viernes; 10 de mayo;mayo;08:30;Inauguración del “Seminario Internacional: Constitución Política, Democracia y Valores Institucionales”. Lugar: Auditorio “Los Incas” del Ministerio de Cultura, San Borja.;2024;Mayo de 2024;;
2 eventos; viernes; 10 de mayo;mayo;14:00;Suscripción de convenio de cooperación interinstitucional entre el Minedu y Minsa. Lugar: Palacio de Gobierno.;2024;Mayo de 2024;;
1 evento; sábado; 11 de mayo;mayo;N.A.;No hubo actividades oficiales que registrar.;2024;Mayo de 2024;;
1 evento; domingo; 12 de mayo;mayo;N.A.;No hubo actividades oficiales que registrar.;2024;Mayo de 2024;;
1 evento; lunes; 13 de mayo;mayo;12:00;Reunión con representantes de la Sociedad Nacional de Minería, Petróleo y Energía (SNMPE), además participó el ministro de Energía y Minas. Lugar: Palacio de Gobierno.;2024;Mayo de 2024;;
1 evento; martes; 14 de mayo;mayo;16:00;Entrega de 3000 títulos de propiedad para los programas de vivienda del ex fundo Oquendo en el Callao. Lugar: Callao.;2024;Mayo de 2024;;
2 eventos; miércoles; 15 de mayo;mayo;09:00;Sesión del Consejo de Ministros. Lugar: Palacio de Gobierno.;2024;Mayo de 2024;;
2 eventos; miércoles; 15 de mayo;mayo;13:30;Celebración del Día Nacional de las micro y pequeñas empresas. Lugar: Palacio de Gobierno;2024;Mayo de 2024;;
2 eventos; jueves; 16 de mayo;mayo;09:00;Inauguración del IV Consejo de Estado Regional. Lugar: San Borja.;2024;Mayo de 2024;;
2 eventos; jueves; 16 de mayo;mayo;14:00;Juramentación de ministro del Interior. Lugar: Palacio de Gobierno.;2024;Mayo de 2024;;
1 evento; viernes; 17 de mayo;mayo;11:00;REGIÓN AREQUIPA - Clausura de la reunión de ministras y ministros de los sectores mujer y comercio, integrantes de las 21 economías de APEC Asia Pacífico. Lugar: Arequipa.;2024;Mayo de 2024;;
1 evento; sábado; 18 de mayo;mayo;N.A.;No hubo actividades oficiales que registrar.;2024;Mayo de 2024;;
2 eventos; domingo; 19 de mayo;mayo;09:00;Promulgación de la ley que garantiza y promueve el acceso y uno de los medicamentos genéricos. Lugar: Palacio de Gobierno.;2024;Mayo de 2024;;
2 eventos; domingo; 19 de mayo;mayo;10:15;Inicio de actividades por la conmemoración de los 200 años de la Batalla de Junín. Lugar: Frontis de Palacio de Gobierno.;2024;Mayo de 2024;;
3 eventos; lunes; 20 de mayo;mayo;13:15;Entrega de vehículos incautados y administrados por el PRONABI, en beneficio de los Gores, municipios y otras entidades del Estado. Lugar: Minjus, Miraflores.;2024;Mayo de 2024;;
3 eventos; lunes; 20 de mayo;mayo;19:00;Ceremonia de firma de convenio para el fortalecimiento de la industria nacional en el sector defensa. Lugar: San Borja.;2024;Mayo de 2024;;
2 eventos; martes; 21 de mayo;mayo;09:30;Inauguración del Simposio -XV Encuentro Internacional de Minería. Lugar: Miraflores.;2024;Mayo de 2024;;
2 eventos; martes; 21 de mayo;mayo;12:30;"Presentación de la campaña multisectorial ""Niños de Hierro"" para la prevención y reducción de la anemia materno infantil al 2030. Lugar: Rímac.";2024;Mayo de 2024;;
1 evento; miércoles; 22 de mayo;mayo;09:00;Consejo de Ministros. Lugar: Palacio de Gobierno;2024;Mayo de 2024;;
1 evento; jueves; 23 de mayo;mayo;11:00;Declaración de interés sectorial y lanzamiento del distintivo “Emoliente Bandera”. Lugar: San Isidro.;2024;Mayo de 2024;;
2 eventos; viernes; 24 de mayo;mayo;08:30;Inauguración de la II Reunión de Comando Policial - RECOPOL 2024;2024;Mayo de 2024;;
2 eventos; viernes; 24 de mayo;mayo;10:00;Ceremonia de Lanzamiento “Certificados de Carrera de Google”;2024;Mayo de 2024;;
1 evento; sábado; 25 de mayo;mayo;N.A.;No hubo actividades oficiales que registrar.;2024;Mayo de 2024;;
